<?xml version="1.0" encoding="UTF-8"?>
<!DOCTYPE wordlist [
	<!ELEMENT wordlist (worddef*)>
	
	<!-- Glossary Entry -->
	<!ELEMENT worddef (description, rationale?, testing?, implement?, see?)>
		<!ATTLIST worddef name CDATA #REQUIRED>
		<!ATTLIST worddef id CDATA #REQUIRED>
		<!ATTLIST worddef wordlist CDATA #IMPLIED>
		<!ATTLIST worddef english CDATA #IMPLIED>
		<!ATTLIST worddef number CDATA #IMPLIED>

	<!-- Description -->
	<!ELEMENT description (compile | execute | init | interpret | note | runtime | item | para)+>
		<!ELEMENT compile (#PCDATA)>
		<!ELEMENT execute (#PCDATA)>
			<!ATTLIST execute type CDATA #IMPLIED>
		<!ELEMENT init (#PCDATA)>
		<!ELEMENT interpret (#PCDATA)>
		<!ELEMENT note (#PCDATA)>
			<!ATTLIST note type CDATA #IMPLIED>
		<!ELEMENT runtime (#PCDATA)>
			<!ATTLIST runtime type CDATA #IMPLIED>
		<!ELEMENT item (#PCDATA)>
			<!ATTLIST item type CDATA #REQUIRED>

	<!-- Rationale -->
	<!ELEMENT rationale (para | note | item | see)*>
		<!ATTLIST rationale name CDATA #IMPLIED>
		<!ATTLIST rationale id CDATA #IMPLIED>
		<!ATTLIST rationale wordlist CDATA #IMPLIED>
		<!ATTLIST rationale number CDATA #IMPLIED>

	<!-- Testing -->
	<!ELEMENT testing (para | test)* >
		<!ATTLIST testing name CDATA #IMPLIED>
		<!ATTLIST testing id CDATA #IMPLIED>
		<!ATTLIST testing wordlist CDATA #IMPLIED>
		<!ATTLIST testing number CDATA #IMPLIED>

		<!ELEMENT test (pre?, post?)>
			<!ATTLIST test type CDATA #IMPLIED>

	<!-- Implement -->
	<!ELEMENT implement (#PCDATA)>
		<!ATTLIST implement name CDATA #IMPLIED>
		<!ATTLIST implement id CDATA #IMPLIED>
		<!ATTLIST implement wordlist CDATA #IMPLIED>
		<!ATTLIST implement number CDATA #IMPLIED>

	<!-- Cross referencing -->
	<!ELEMENT see (wref | rref | tref | iref | xref)*>

	<!ELEMENT wref EMPTY>
		<!ATTLIST wref word CDATA #REQUIRED>

	<!ELEMENT rref EMPTY>
		<!ATTLIST rref word CDATA #REQUIRED>

	<!ELEMENT tref EMPTY>
		<!ATTLIST tref word CDATA #REQUIRED>

	<!ELEMENT iref EMPTY>
		<!ATTLIST iref word CDATA #REQUIRED>

	<!ELEMENT xref (#PCDATA)>
		<!ATTLIST xref label CDATA #REQUIRED>

	<!-- Normal text -->
	<!ELEMENT para (#PCDATA)*>

	<!ELEMENT stack (pre?, post?)>
		<!ATTLIST stack type CDATA #IMPLIED>
		<!ELEMENT pre (#PCDATA)>
		<!ELEMENT post (#PCDATA)>

		<!ELEMENT char EMPTY>
		<!ElEMENT chars EMPTY>
		<!ElEMENT space EMPTY>
		<!ElEMENT spaces EMPTY>
		<!ElEMENT quote EMPTY>
		<!ElEMENT paren EMPTY>
		<!ElEMENT eol EMPTY>

	<!ELEMENT code (#PCDATA)>

	<!-- Formatted text -->
	<!ELEMENT word EMPTY>
		<!ATTLIST word word CDATA #REQUIRED>

	<!ELEMENT param (#PCDATA)>
	<!ELEMENT arg (#PCDATA)>
	<!ELEMENT value (#PCDATA)>
	<!ELEMENT c (#PCDATA)>
]>
<!-- ?xml-stylesheet type="text/xsl" href="stylesheet.xsl"? -->
<wordlist>
<worddef name="DOES&gt;" id="core:DOES" number="1250" wordlist="CORE" english="does">
	<description>
		<interpret>
			Interpretation semantics for this word are undefined.
		</interpret>

		<compile>
			<stack type="C">
				<pre>colon-sys_1</pre>
				<post>colon-sys_2</post>
			</stack>
			<para>
				Append the run-time semantics below to the current
				definition.
				Whether or not the current definition is rendered
				findable in the dictionary by the compilation of
				<word word="core:DOES" /> is implementation defined.
				Consume <param>colon-sys_1</param> and produce
				<param>colon-sys_2</param>. Append the initiation
				semantics given below to the current definition.
			</para>
		</compile>
		<runtime>
			<stack></stack>
			<stack type="R"><pre>next-sys_1</pre></stack>
			<para>
				Replace the execution semantics of the most recent
				definition, referred to as <param>name</param>, with
				the <param>name</param> execution semantics given
				below. Return control to the calling definition
				specified by <param>nest-sys_1</param>. An ambiguous
				condition exists if <param>name</param> was not
				defined with <word word="core:CREATE" /> or a
				user-defined word that calls <word word="core:CREATE"/>.
			</para>
		</runtime>
		<init>
			<stack>
				<pre>i*x</pre>
				<post>i*x a-addr</post>
			</stack>
			<stack type="R">
				<post>next-sys_1</post>
			</stack>
			<para>
				Save implementation-dependent information
				<param>nest-sys_2</param> about the calling definition.
				Place <param>name</param>'s data field address on the
				stack. The stack effects <param>i*x</param> represent
				arguments to <param>name</param>.
			</para>
		</init>
		<execute type="name">
			<stack>
				<pre>i*x</pre>
				<post>j*x</post>
			</stack>
			<para>
				Execute the portion of the definition that begins with
				the initiation semantics appended by the
				<word word="core:DOES" /> which modified
				<param>name</param>. The stack effects <param>i*x</param>
				and <param>j*x</param> represent arguments to and
				results from <param>name</param>, respectively.
			</para>
		</execute>
		<see>
			<wref word="core:CREATE" />
		</see>
	</description>
	<rationale>
		<para>
			Typical use:
			<c>: X ... DOES&gt; ... ;</c>
		</para><para>
			Following <word word="core:DOES" />, a Standard Program
			may not make any assumptions regarding the ability to find
			either the name of the definition containing the
			<word word="core:DOES"/> or any previous definition whose
			name may be concealed by it. <word word="core:DOES" />
			effectively ends one definition and begins another as far
			as local variables and control-flow structures are
			concerned.
			The compilation behavior makes it clear that the user is
			not entitled to place <word word="core:DOES"/> inside any
			control-flow structures.
		</para>
	</rationale>
	<testing>
		<test><pre>: DOES1 DOES&gt; @ 1 + ;</pre><post></post></test>
		<test><pre>: DOES2 DOES&gt; @ 2 + ;</pre><post></post></test>
		<test><pre>CREATE CR1</pre><post> </post></test>
		<test><pre>CR1  </pre><post>HERE</post></test>
		<test><pre>1 ,  </pre><post> </post></test>
		<test><pre>CR1 @</pre><post>1</post></test>
		<test><pre>DOES1</pre><post> </post></test>
		<test><pre>CR1  </pre><post>2</post></test>
		<test><pre>DOES2</pre><post> </post></test>
		<test><pre>CR1  </pre><post>3</post></test>

		<test><pre>: WEIRD: CREATE DOES&gt; 1 + DOES&gt; 2 + ;</pre><post></post></test>
		<test><pre>WEIRD: W1</pre><post></post></test>
		<test><pre>' W1 &gt;BODY</pre><post>HERE   </post></test>
		<test><pre>W1       </pre><post>HERE 1 +</post></test>
		<test><pre>W1       </pre><post>HERE 2 +</post></test>
	</testing>
</worddef>
</wordlist>